Run_ID,Length_mm,TPU_Thick_Peak_mm,PLA_Thick_Min_mm,PLA_Ratio,Temp_Change_C,Deflection_mm
1,122.68,2.5,2.5,0.5,60.0,-2.3571
2,141.34,2.5,2.5,0.5,60.0,-4.8468
3,123.83,2.5,2.5,0.5,60.0,-2.3995
4,132.42,2.5,2.5,0.5,60.0,-2.7491
5,173.15,2.5,2.5,0.5,60.0,-6.8612
6,131.68,2.5,2.5,0.5,60.0,-2.718
7,161.46,2.5,2.5,0.5,60.0,-6.1702
8,145.34,2.5,2.5,0.5,60.0,-5.1156
9,180.5,2.5,2.5,0.5,60.0,-5.1346
10,167.58,2.5,2.5,0.5,60.0,-4.4218
11,123.13,2.5,2.5,0.5,60.0,-2.3721
12,128.08,2.5,2.5,0.5,60.0,-2.5695
13,163.83,2.5,2.5,0.5,60.0,-4.2246
14,104.64,2.5,2.5,0.5,60.0,-1.7038
15,164.16,2.5,2.5,0.5,60.0,-4.2414
16,103.37,2.5,2.5,0.5,60.0,-1.6619
17,150.27,2.5,2.5,0.5,60.0,-3.5535
18,133.12,2.5,2.5,0.5,60.0,-4.1178
19,136.43,2.5,2.5,0.5,60.0,-2.9203
20,139.34,2.5,2.5,0.5,60.0,-3.0477
21,164.08,2.5,2.5,0.5,60.0,-4.2373
22,155.28,2.5,2.5,0.5,60.0,-3.7918
23,130.43,2.5,2.5,0.5,60.0,-2.6688
24,152.63,2.5,2.5,0.5,60.0,-3.6622
25,139.02,2.5,2.5,0.5,60.0,-3.0336
26,181.53,2.5,2.5,0.5,60.0,-7.9185
27,152.7,2.5,2.5,0.5,60.0,-3.6657
28,147.01,2.5,2.5,0.5,60.0,-3.3965
29,134.44,2.5,2.5,0.5,60.0,-2.8369
30,198.18,2.5,2.5,0.5,60.0,-6.1989
31,189.56,2.5,2.5,0.5,60.0,-8.4443
32,106.55,2.5,2.5,0.5,60.0,-1.7703
33,197.33,2.5,2.5,0.5,60.0,-9.2573
34,112.89,2.5,2.5,0.5,60.0,-1.9888
35,115.76,2.5,2.5,0.5,60.0,-2.0928
36,123.44,2.5,2.5,0.5,60.0,-2.3844
37,118.35,2.5,2.5,0.5,60.0,-2.1911
38,158.43,2.5,2.5,0.5,60.0,-3.9519
39,195.32,2.5,2.5,0.5,60.0,-6.0179
40,128.62,2.5,2.5,0.5,60.0,-2.5914
41,196.06,2.5,2.5,0.5,60.0,-6.0641
42,163.57,2.5,2.5,0.5,60.0,-4.211
43,153.7,2.5,2.5,0.5,60.0,-5.6206
44,172.55,2.5,2.5,0.5,60.0,-4.6899
45,182.97,2.5,2.5,0.5,60.0,-5.2804
46,198.01,2.5,2.5,0.5,60.0,-6.188
47,113.32,2.5,2.5,0.5,60.0,-3.1095
48,177.81,2.5,2.5,0.5,60.0,-5.6185
49,161.18,2.5,2.5,0.5,60.0,-6.0893
50,192.12,2.5,2.5,0.5,60.0,-5.8217
51,139.73,2.5,2.5,0.5,60.0,-3.0647
52,111.14,2.5,2.5,0.5,60.0,-1.9264
53,155.12,2.5,2.5,0.5,60.0,-3.7841
54,190.48,2.5,2.5,0.5,60.0,-5.7255
55,125.89,2.5,2.5,0.5,60.0,-3.9434
56,194.86,2.5,2.5,0.5,60.0,-5.9919
57,139.36,2.5,2.5,0.5,60.0,-3.0484
58,152.49,2.5,2.5,0.5,60.0,-3.6554
59,194.37,2.5,2.5,0.5,60.0,-5.9617
60,127.62,2.5,2.5,0.5,60.0,-2.5507
61,156.36,2.5,2.5,0.5,60.0,-3.8451
62,103.73,2.5,2.5,0.5,60.0,-1.6737
63,120.33,2.5,2.5,0.5,60.0,-2.264
64,143.97,2.5,2.5,0.5,60.0,-3.256
65,119.87,2.5,2.5,0.5,60.0,-2.2465
66,141.97,2.5,2.5,0.5,60.0,-3.1679
67,175.7,2.5,2.5,0.5,60.0,-4.8638
68,166.24,2.5,2.5,0.5,60.0,-4.3538
69,120.94,2.5,2.5,0.5,60.0,-2.2873
70,123.57,2.5,2.5,0.5,60.0,-2.3895
71,103.32,2.5,2.5,0.5,60.0,-1.6603
72,128.29,2.5,2.5,0.5,60.0,-2.5782
73,130.59,2.5,2.5,0.5,60.0,-2.6753
74,185.61,2.5,2.5,0.5,60.0,-8.3972
75,156.84,2.5,2.5,0.5,60.0,-3.8689
76,177.73,2.5,2.5,0.5,60.0,-5.6138
77,173.96,2.5,2.5,0.5,60.0,-4.7706
78,180.57,2.5,2.5,0.5,60.0,-5.1387
79,147.49,2.5,2.5,0.5,60.0,-3.4187
80,159.81,2.5,2.5,0.5,60.0,-4.0182
81,101.94,2.5,2.5,0.5,60.0,-1.6172
82,105.76,2.5,2.5,0.5,60.0,-2.8091
83,109.74,2.5,2.5,0.5,60.0,-2.9665
84,139.26,2.5,2.5,0.5,60.0,-3.0441
85,168.93,2.5,2.5,0.5,60.0,-4.4935
86,127.15,2.5,2.5,0.5,60.0,-2.532
87,149.74,2.5,2.5,0.5,60.0,-5.4211
88,171.55,2.5,2.5,0.5,60.0,-4.635
89,199.74,2.5,2.5,0.5,60.0,-6.2949
90,121.99,2.5,2.5,0.5,60.0,-2.3304
91,113.34,2.5,2.5,0.5,60.0,-3.1107
92,113.72,2.5,2.5,0.5,60.0,-3.131
93,142.55,2.5,2.5,0.5,60.0,-3.1943
94,102.47,2.5,2.5,0.5,60.0,-1.6346
95,139.08,2.5,2.5,0.5,60.0,-3.0362
96,138.99,2.5,2.5,0.5,60.0,-3.0345
97,195.2,2.5,2.5,0.5,60.0,-6.0104
98,167.63,2.5,2.5,0.5,60.0,-4.424
99,137.91,2.5,2.5,0.5,60.0,-3.4374
100,101.79,2.5,2.5,0.5,60.0,-1.817
101,134.62,2.5,2.5,0.5,60.0,-2.845
102,114.87,2.5,2.5,0.5,60.0,-2.0626
103,185.16,2.5,2.5,0.5,60.0,-8.3278
104,136.46,2.5,2.5,0.5,60.0,-2.9215
105,181.47,2.5,2.5,0.5,60.0,-7.9147
106,132.57,2.5,2.5,0.5,60.0,-2.7553
107,197.16,2.5,2.5,0.5,60.0,-9.2052
108,110.52,2.5,2.5,0.5,60.0,-1.9075
109,147.28,2.5,2.5,0.5,60.0,-3.4091
110,186.16,2.5,2.5,0.5,60.0,-5.4684
111,135.74,2.5,2.5,0.5,60.0,-2.8905
112,170.93,2.5,2.5,0.5,60.0,-4.605
113,151.62,2.5,2.5,0.5,60.0,-3.615
114,199.05,2.5,2.5,0.5,60.0,-6.2514
115,135.58,2.5,2.5,0.5,60.0,-2.8833
116,122.7,2.5,2.5,0.5,60.0,-2.3578
117,164.35,2.5,2.5,0.5,60.0,-4.2515
118,170.94,2.5,2.5,0.5,60.0,-4.6058
119,177.67,2.5,2.5,0.5,60.0,-5.6094
120,195.48,2.5,2.5,0.5,60.0,-6.0282
121,198.88,2.5,2.5,0.5,60.0,-6.2438
122,171.01,2.5,2.5,0.5,60.0,-4.6055
123,116.67,2.5,2.5,0.5,60.0,-2.1262
124,175.57,2.5,2.5,0.5,60.0,-4.8563
125,100.83,2.5,2.5,0.5,60.0,-1.5798
126,180.12,2.5,2.5,0.5,60.0,-5.1129
127,181.72,2.5,2.5,0.5,60.0,-7.908
128,181.36,2.5,2.5,0.5,60.0,-7.9057
129,156.06,2.5,2.5,0.5,60.0,-3.8303
130,144.71,2.5,2.5,0.5,60.0,-3.2897
131,131.83,2.5,2.5,0.5,60.0,-2.7243
132,133.28,2.5,2.5,0.5,60.0,-4.1272
133,140.14,2.5,2.5,0.5,60.0,-3.0829
134,158.65,2.5,2.5,0.5,60.0,-3.9628
135,108.92,2.5,2.5,0.5,60.0,-1.8487
136,155.86,2.5,2.5,0.5,60.0,-3.8202
137,108.9,2.5,2.5,0.5,60.0,-1.8483
138,178.8,2.5,2.5,0.5,60.0,-5.0411
139,191.14,2.5,2.5,0.5,60.0,-5.7616
140,150.87,2.5,2.5,0.5,60.0,-3.5824
141,182.95,2.5,2.5,0.5,60.0,-5.279
142,121.64,2.5,2.5,0.5,60.0,-3.5099
143,157.5,2.5,2.5,0.5,60.0,-5.8556
144,150.93,2.5,2.5,0.5,60.0,-3.585
145,174.95,2.5,2.5,0.5,60.0,-4.8255
146,122.88,2.5,2.5,0.5,60.0,-2.3648
147,157.58,2.5,2.5,0.5,60.0,-5.861
148,142.84,2.5,2.5,0.5,60.0,-3.2071
149,140.72,2.5,2.5,0.5,60.0,-3.109
150,184.36,2.5,2.5,0.5,60.0,-5.3581
151,171.91,2.5,2.5,0.5,60.0,-4.6548
152,181.17,2.5,2.5,0.5,60.0,-7.8889
153,159.73,2.5,2.5,0.5,60.0,-4.0143
154,194.51,2.5,2.5,0.5,60.0,-5.9705
155,150.96,2.5,2.5,0.5,60.0,-3.5865
156,199.39,2.5,2.5,0.5,60.0,-6.2731
157,142.04,2.5,2.5,0.5,60.0,-3.1712
158,130.18,2.5,2.5,0.5,60.0,-2.6585
159,187.91,2.5,2.5,0.5,60.0,-5.5679
160,106.21,2.5,2.5,0.5,60.0,-1.759
161,121.46,2.5,2.5,0.5,60.0,-3.4997
162,153.53,2.5,2.5,0.5,60.0,-5.6082
163,153.52,2.5,2.5,0.5,60.0,-5.6072
164,187.98,2.5,2.5,0.5,60.0,-5.5716
165,127.72,2.5,2.5,0.5,60.0,-2.5547
166,162.72,2.5,2.5,0.5,60.0,-4.1705
167,117.79,2.5,2.5,0.5,60.0,-3.3428
168,151.35,2.5,2.5,0.5,60.0,-3.6023
169,156.97,2.5,2.5,0.5,60.0,-3.8753
170,175.7,2.5,2.5,0.5,60.0,-4.8639
171,137.66,2.5,2.5,0.5,60.0,-3.4375
172,195.76,2.5,2.5,0.5,60.0,-6.0452
173,142.53,2.5,2.5,0.5,60.0,-3.1933
174,167.7,2.5,2.5,0.5,60.0,-4.428
175,114.64,2.5,2.5,0.5,60.0,-2.0542
176,158.98,2.5,2.5,0.5,60.0,-3.9792
177,113.99,2.5,2.5,0.5,60.0,-2.0307
178,158.34,2.5,2.5,0.5,60.0,-3.9463
179,173.71,2.5,2.5,0.5,60.0,-7.3537
180,190.54,2.5,2.5,0.5,60.0,-5.7291
181,170.58,2.5,2.5,0.5,60.0,-4.586
182,118.09,2.5,2.5,0.5,60.0,-2.1821
183,154.69,2.5,2.5,0.5,60.0,-3.7656
184,114.03,2.5,2.5,0.5,60.0,-2.032
185,184.25,2.5,2.5,0.5,60.0,-5.3518
186,150.04,2.5,2.5,0.5,60.0,-3.5424
187,170.02,2.5,2.5,0.5,60.0,-4.5561
188,125.7,2.5,2.5,0.5,60.0,-3.7332
189,188.59,2.5,2.5,0.5,60.0,-5.6085
190,105.43,2.5,2.5,0.5,60.0,-1.9515
191,180.81,2.5,2.5,0.5,60.0,-5.1528
192,184.58,2.5,2.5,0.5,60.0,-5.3709
193,184.59,2.5,2.5,0.5,60.0,-5.3713
194,144.38,2.5,2.5,0.5,60.0,-3.2747
195,164.73,2.5,2.5,0.5,60.0,-4.2714
196,145.44,2.5,2.5,0.5,60.0,-5.122
197,181.93,2.5,2.5,0.5,60.0,-5.2203
198,109.55,2.5,2.5,0.5,60.0,-2.9992
199,104.36,2.5,2.5,0.5,60.0,-1.6945
200,107.23,2.5,2.5,0.5,60.0,-1.7911
201,107.05,2.5,2.5,0.5,60.0,-1.7848
202,192.37,2.5,2.5,0.5,60.0,-5.8366
203,133.47,2.5,2.5,0.5,60.0,-4.1389
204,140.2,2.5,2.5,0.5,60.0,-3.0857
205,173.41,2.5,2.5,0.5,60.0,-6.267
206,135.24,2.5,2.5,0.5,60.0,-2.8687
207,198.03,2.5,2.5,0.5,60.0,-6.1894
208,172.2,2.5,2.5,0.5,60.0,-4.6702
209,142.89,2.5,2.5,0.5,60.0,-3.2096
210,163.49,2.5,2.5,0.5,60.0,-4.2066
211,186.87,2.5,2.5,0.5,60.0,-5.5091
212,114.5,2.5,2.5,0.5,60.0,-2.0491
213,186.36,2.5,2.5,0.5,60.0,-5.4793
214,155.68,2.5,2.5,0.5,60.0,-3.8114
215,111.31,2.5,2.5,0.5,60.0,-1.9324
216,153.39,2.5,2.5,0.5,60.0,-5.5985
217,110.19,2.5,2.5,0.5,60.0,-1.8952
218,153.09,2.5,2.5,0.5,60.0,-5.5771
219,170.77,2.5,2.5,0.5,60.0,-4.5967
220,163.25,2.5,2.5,0.5,60.0,-4.1941
221,180.64,2.5,2.5,0.5,60.0,-5.143
222,182.15,2.5,2.5,0.5,60.0,-5.2327
223,124.2,2.5,2.5,0.5,60.0,-2.4141
224,171.23,2.5,2.5,0.5,60.0,-4.6178
225,105.74,2.5,2.5,0.5,60.0,-2.8082
226,100.83,2.5,2.5,0.5,60.0,-1.5797
227,155.51,2.5,2.5,0.5,60.0,-3.803
228,180.81,2.5,2.5,0.5,60.0,-5.1527
229,109.22,2.5,2.5,0.5,60.0,-2.0969
230,102.15,2.5,2.5,0.5,60.0,-1.6241
231,106.68,2.5,2.5,0.5,60.0,-1.7749
232,187.34,2.5,2.5,0.5,60.0,-5.5335
233,196.38,2.5,2.5,0.5,60.0,-6.0839
234,171.44,2.5,2.5,0.5,60.0,-4.629
235,196.11,2.5,2.5,0.5,60.0,-6.0673
236,160.78,2.5,2.5,0.5,60.0,-4.0673
237,145.76,2.5,2.5,0.5,60.0,-3.7688
238,182.75,2.5,2.5,0.5,60.0,-5.2678
239,152.12,2.5,2.5,0.5,60.0,-3.6394
240,133.86,2.5,2.5,0.5,60.0,-4.5041
241,197.17,2.5,2.5,0.5,60.0,-9.2057
242,102.62,2.5,2.5,0.5,60.0,-1.6392
243,161.21,2.5,2.5,0.5,60.0,-6.0911
244,128.84,2.5,2.5,0.5,60.0,-2.6007
245,106.31,2.5,2.5,0.5,60.0,-1.7622
246,115.53,2.5,2.5,0.5,60.0,-2.0843
247,123.58,2.5,2.5,0.5,60.0,-2.3899
248,163.07,2.5,2.5,0.5,60.0,-4.1848
249,119.29,2.5,2.5,0.5,60.0,-2.2243
250,108.86,2.5,2.5,0.5,60.0,-1.8467
251,147.15,2.5,2.5,0.5,60.0,-3.4031
252,105.2,2.5,2.5,0.5,60.0,-1.9429
253,115.59,2.5,2.5,0.5,60.0,-2.0865
254,178.63,2.5,2.5,0.5,60.0,-5.0316
255,170.31,2.5,2.5,0.5,60.0,-4.5718
256,116.63,2.5,2.5,0.5,60.0,-2.1248
257,128.45,2.5,2.5,0.5,60.0,-2.5846
258,177.4,2.5,2.5,0.5,60.0,-5.5928
259,124.43,2.5,2.5,0.5,60.0,-2.4233
260,182.1,2.5,2.5,0.5,60.0,-5.2297
261,110.25,2.5,2.5,0.5,60.0,-1.8969
262,168.32,2.5,2.5,0.5,60.0,-4.4608
263,131.53,2.5,2.5,0.5,60.0,-2.7117
264,123.38,2.5,2.5,0.5,60.0,-2.382
265,181.19,2.5,2.5,0.5,60.0,-7.8906
266,126.65,2.5,2.5,0.5,60.0,-2.5141
267,170.22,2.5,2.5,0.5,60.0,-4.5666
268,126.76,2.5,2.5,0.5,60.0,-2.5185
269,197.59,2.5,2.5,0.5,60.0,-9.2622
270,153.19,2.5,2.5,0.5,60.0,-5.5841
271,176.1,2.5,2.5,0.5,60.0,-4.8858
272,155.31,2.5,2.5,0.5,60.0,-3.793
273,145.0,2.5,2.5,0.5,60.0,-3.3031
274,135.23,2.5,2.5,0.5,60.0,-2.8683
275,153.14,2.5,2.5,0.5,60.0,-5.5804
276,140.86,2.5,2.5,0.5,60.0,-3.1154
277,197.08,2.5,2.5,0.5,60.0,-9.5155
278,125.73,2.5,2.5,0.5,60.0,-3.7353
279,102.78,2.5,2.5,0.5,60.0,-1.6452
280,165.85,2.5,2.5,0.5,60.0,-6.1805
281,102.63,2.5,2.5,0.5,60.0,-1.6396
282,128.89,2.5,2.5,0.5,60.0,-2.6026
283,182.15,2.5,2.5,0.5,60.0,-5.2329
284,180.38,2.5,2.5,0.5,60.0,-5.1282
285,144.94,2.5,2.5,0.5,60.0,-3.3006
286,172.2,2.5,2.5,0.5,60.0,-4.6706
287,144.98,2.5,2.5,0.5,60.0,-3.3024
288,127.02,2.5,2.5,0.5,60.0,-2.5266
289,127.33,2.5,2.5,0.5,60.0,-2.5392
290,164.27,2.5,2.5,0.5,60.0,-4.2473
291,172.57,2.5,2.5,0.5,60.0,-4.6906
292,151.53,2.5,2.5,0.5,60.0,-3.611
293,177.35,2.5,2.5,0.5,60.0,-5.5896
294,175.33,2.5,2.5,0.5,60.0,-4.8432
295,178.1,2.5,2.5,0.5,60.0,-5.0017
296,154.97,2.5,2.5,0.5,60.0,-3.7792
297,153.45,2.5,2.5,0.5,60.0,-5.6026
298,163.18,2.5,2.5,0.5,60.0,-4.1905
299,139.47,2.5,2.5,0.5,60.0,-3.0535
300,175.23,2.5,2.5,0.5,60.0,-4.8378
301,115.91,2.5,2.5,0.5,60.0,-2.0981
302,119.32,2.5,2.5,0.5,60.0,-2.2255
303,189.93,2.5,2.5,0.5,60.0,-6.5091
304,126.04,2.5,2.5,0.5,60.0,-2.4896
305,114.57,2.5,2.5,0.5,60.0,-2.0515
306,173.89,2.5,2.5,0.5,60.0,-7.3685
307,136.2,2.5,2.5,0.5,60.0,-2.9104
308,100.38,2.5,2.5,0.5,60.0,-1.5654
309,133.33,2.5,2.5,0.5,60.0,-4.1307
310,124.59,2.5,2.5,0.5,60.0,-2.4293
311,121.21,2.5,2.5,0.5,60.0,-3.4858
312,102.84,2.5,2.5,0.5,60.0,-1.6464
313,198.99,2.5,2.5,0.5,60.0,-6.2501
314,105.93,2.5,2.5,0.5,60.0,-1.7494
315,101.82,2.5,2.5,0.5,60.0,-1.8183
316,136.12,2.5,2.5,0.5,60.0,-2.9068
317,123.18,2.5,2.5,0.5,60.0,-2.3739
318,197.28,2.5,2.5,0.5,60.0,-9.219
319,176.94,2.5,2.5,0.5,60.0,-4.9329
320,160.51,2.5,2.5,0.5,60.0,-4.0537
321,100.27,2.5,2.5,0.5,60.0,-1.5618
322,154.17,2.5,2.5,0.5,60.0,-3.7399
323,162.51,2.5,2.5,0.5,60.0,-4.1595
324,192.88,2.5,2.5,0.5,60.0,-5.8681
325,158.88,2.5,2.5,0.5,60.0,-3.9734
326,130.77,2.5,2.5,0.5,60.0,-2.6829
327,108.92,2.5,2.5,0.5,60.0,-1.8489
328,151.31,2.5,2.5,0.5,60.0,-3.6005
329,198.72,2.5,2.5,0.5,60.0,-6.2337
330,183.27,2.5,2.5,0.5,60.0,-5.2948
331,159.88,2.5,2.5,0.5,60.0,-4.0216
332,176.47,2.5,2.5,0.5,60.0,-4.9064
333,152.88,2.5,2.5,0.5,60.0,-3.6742
334,182.56,2.5,2.5,0.5,60.0,-5.2563
335,168.89,2.5,2.5,0.5,60.0,-4.4913
336,184.06,2.5,2.5,0.5,60.0,-5.3408
337,180.6,2.5,2.5,0.5,60.0,-5.1403
338,179.98,2.5,2.5,0.5,60.0,-5.1052
339,166.65,2.5,2.5,0.5,60.0,-4.3757
340,176.57,2.5,2.5,0.5,60.0,-4.9121
341,182.69,2.5,2.5,0.5,60.0,-5.2641
342,103.82,2.5,2.5,0.5,60.0,-1.6766
343,163.7,2.5,2.5,0.5,60.0,-4.2178
344,168.33,2.5,2.5,0.5,60.0,-4.4613
345,170.82,2.5,2.5,0.5,60.0,-4.599
346,123.07,2.5,2.5,0.5,60.0,-2.3697
347,153.59,2.5,2.5,0.5,60.0,-5.6125
348,164.16,2.5,2.5,0.5,60.0,-4.2414
349,170.1,2.5,2.5,0.5,60.0,-4.5606
350,107.92,2.5,2.5,0.5,60.0,-1.8145
351,135.88,2.5,2.5,0.5,60.0,-2.8962
352,134.5,2.5,2.5,0.5,60.0,-2.8396
353,123.99,2.5,2.5,0.5,60.0,-2.4057
354,148.11,2.5,2.5,0.5,60.0,-3.448
355,118.87,2.5,2.5,0.5,60.0,-2.2117
356,190.8,2.5,2.5,0.5,60.0,-5.7444
357,153.14,2.5,2.5,0.5,60.0,-5.5807
358,105.9,2.5,2.5,0.5,60.0,-1.7481
359,119.73,2.5,2.5,0.5,60.0,-2.2412
360,173.6,2.5,2.5,0.5,60.0,-6.2808
361,164.26,2.5,2.5,0.5,60.0,-4.2467
362,146.45,2.5,2.5,0.5,60.0,-3.3729
363,161.55,2.5,2.5,0.5,60.0,-6.1769
364,180.93,2.5,2.5,0.5,60.0,-5.1594
365,101.47,2.5,2.5,0.5,60.0,-1.8057
366,173.86,2.5,2.5,0.5,60.0,-7.3656
367,143.2,2.5,2.5,0.5,60.0,-3.2209
368,114.41,2.5,2.5,0.5,60.0,-2.0459
369,126.82,2.5,2.5,0.5,60.0,-2.5207
370,155.41,2.5,2.5,0.5,60.0,-3.7982
371,182.08,2.5,2.5,0.5,60.0,-5.229
372,105.47,2.5,2.5,0.5,60.0,-1.953
373,194.14,2.5,2.5,0.5,60.0,-5.9475
374,109.99,2.5,2.5,0.5,60.0,-1.8882
375,178.92,2.5,2.5,0.5,60.0,-5.0478
376,190.8,2.5,2.5,0.5,60.0,-5.7444
377,103.44,2.5,2.5,0.5,60.0,-1.6643
378,199.64,2.5,2.5,0.5,60.0,-6.2886
379,104.81,2.5,2.5,0.5,60.0,-1.7095
380,178.81,2.5,2.5,0.5,60.0,-5.0418
381,146.7,2.5,2.5,0.5,60.0,-3.3847
382,175.73,2.5,2.5,0.5,60.0,-4.8655
383,164.72,2.5,2.5,0.5,60.0,-4.2706
384,162.75,2.5,2.5,0.5,60.0,-4.1723
385,123.34,2.5,2.5,0.5,60.0,-2.3803
386,138.81,2.5,2.5,0.5,60.0,-3.0266
387,162.75,2.5,2.5,0.5,60.0,-4.1723
388,161.41,2.5,2.5,0.5,60.0,-6.1665
389,108.74,2.5,2.5,0.5,60.0,-1.8425
390,147.55,2.5,2.5,0.5,60.0,-3.4218
391,109.69,2.5,2.5,0.5,60.0,-3.0066
392,146.3,2.5,2.5,0.5,60.0,-3.3659
393,126.46,2.5,2.5,0.5,60.0,-2.5065
394,138.44,2.5,2.5,0.5,60.0,-3.0104
395,149.9,2.5,2.5,0.5,60.0,-5.4319
396,108.02,2.5,2.5,0.5,60.0,-1.8179
397,130.09,2.5,2.5,0.5,60.0,-2.6545
398,115.98,2.5,2.5,0.5,60.0,-2.1009
399,146.82,2.5,2.5,0.5,60.0,-3.3902
400,167.73,2.5,2.5,0.5,60.0,-4.4294
401,130.53,2.5,2.5,0.5,60.0,-2.673
402,118.78,2.5,2.5,0.5,60.0,-2.2083
403,101.37,2.5,2.5,0.5,60.0,-2.316
404,194.02,2.5,2.5,0.5,60.0,-5.9402
405,196.67,2.5,2.5,0.5,60.0,-6.1022
406,111.83,2.5,2.5,0.5,60.0,-1.9508
407,149.21,2.5,2.5,0.5,60.0,-5.3838
408,106.26,2.5,2.5,0.5,60.0,-1.7605
409,127.62,2.5,2.5,0.5,60.0,-2.5508
410,178.59,2.5,2.5,0.5,60.0,-5.0293
411,149.94,2.5,2.5,0.5,60.0,-3.5378
412,150.13,2.5,2.5,0.5,60.0,-3.547
413,130.51,2.5,2.5,0.5,60.0,-2.6719
414,126.32,2.5,2.5,0.5,60.0,-2.5007
415,135.91,2.5,2.5,0.5,60.0,-2.8975
416,170.2,2.5,2.5,0.5,60.0,-4.5658
417,198.66,2.5,2.5,0.5,60.0,-6.2296
418,187.6,2.5,2.5,0.5,60.0,-5.5495
419,155.12,2.5,2.5,0.5,60.0,-3.7837
420,141.41,2.5,2.5,0.5,60.0,-4.8532
421,121.15,2.5,2.5,0.5,60.0,-3.482
422,187.57,2.5,2.5,0.5,60.0,-5.5473
423,123.95,2.5,2.5,0.5,60.0,-2.4043
424,187.55,2.5,2.5,0.5,60.0,-5.5461
425,103.79,2.5,2.5,0.5,60.0,-1.6758
426,189.52,2.5,2.5,0.5,60.0,-8.8947
427,112.11,2.5,2.5,0.5,60.0,-1.9606
428,148.71,2.5,2.5,0.5,60.0,-3.4761
429,109.87,2.5,2.5,0.5,60.0,-2.9733
430,142.23,2.5,2.5,0.5,60.0,-3.1795
431,144.55,2.5,2.5,0.5,60.0,-3.2823
432,190.81,2.5,2.5,0.5,60.0,-5.7452
433,103.85,2.5,2.5,0.5,60.0,-1.6778
434,107.39,2.5,2.5,0.5,60.0,-1.7963
435,189.71,2.5,2.5,0.5,60.0,-6.4936
436,144.14,2.5,2.5,0.5,60.0,-3.2637
437,117.29,2.5,2.5,0.5,60.0,-3.3158
438,137.6,2.5,2.5,0.5,60.0,-3.4222
439,196.59,2.5,2.5,0.5,60.0,-6.097
440,115.48,2.5,2.5,0.5,60.0,-2.0825
441,197.84,2.5,2.5,0.5,60.0,-9.304
442,199.33,2.5,2.5,0.5,60.0,-6.2688
443,174.74,2.5,2.5,0.5,60.0,-4.814
444,193.59,2.5,2.5,0.5,60.0,-8.2431
445,112.56,2.5,2.5,0.5,60.0,-1.9767
446,136.65,2.5,2.5,0.5,60.0,-2.9297
447,146.78,2.5,2.5,0.5,60.0,-3.3883
448,196.57,2.5,2.5,0.5,60.0,-6.096
449,183.38,2.5,2.5,0.5,60.0,-5.301
450,157.21,2.5,2.5,0.5,60.0,-5.8346
451,133.52,2.5,2.5,0.5,60.0,-4.1416
452,181.04,2.5,2.5,0.5,60.0,-7.8781
453,130.73,2.5,2.5,0.5,60.0,-2.6812
454,147.7,2.5,2.5,0.5,60.0,-3.4288
455,132.81,2.5,2.5,0.5,60.0,-2.7654
456,137.83,2.5,2.5,0.5,60.0,-3.4338
457,187.94,2.5,2.5,0.5,60.0,-5.5697
458,180.18,2.5,2.5,0.5,60.0,-5.1162
459,189.96,2.5,2.5,0.5,60.0,-5.6939
460,169.69,2.5,2.5,0.5,60.0,-5.1095
461,108.86,2.5,2.5,0.5,60.0,-1.8469
462,150.05,2.5,2.5,0.5,60.0,-3.543
463,163.58,2.5,2.5,0.5,60.0,-4.2115
464,179.63,2.5,2.5,0.5,60.0,-5.0851
465,116.29,2.5,2.5,0.5,60.0,-2.1123
466,119.15,2.5,2.5,0.5,60.0,-2.2193
467,128.51,2.5,2.5,0.5,60.0,-2.5869
468,161.16,2.5,2.5,0.5,60.0,-6.0876
469,138.48,2.5,2.5,0.5,60.0,-3.0119
470,160.65,2.5,2.5,0.5,60.0,-4.061
471,124.33,2.5,2.5,0.5,60.0,-2.4191
472,160.22,2.5,2.5,0.5,60.0,-4.039
473,141.02,2.5,2.5,0.5,60.0,-4.8271
474,105.62,2.5,2.5,0.5,60.0,-2.8021
475,168.87,2.5,2.5,0.5,60.0,-4.4901
476,122.27,2.5,2.5,0.5,60.0,-2.3412
477,136.39,2.5,2.5,0.5,60.0,-2.9186
478,191.65,2.5,2.5,0.5,60.0,-5.793
479,131.1,2.5,2.5,0.5,60.0,-2.6938
480,174.8,2.5,2.5,0.5,60.0,-4.8174
481,113.83,2.5,2.5,0.5,60.0,-3.1366
482,123.5,2.5,2.5,0.5,60.0,-2.3866
483,160.7,2.5,2.5,0.5,60.0,-4.0631
484,156.99,2.5,2.5,0.5,60.0,-3.8764
485,188.23,2.5,2.5,0.5,60.0,-5.5865
486,133.03,2.5,2.5,0.5,60.0,-4.3035
487,156.01,2.5,2.5,0.5,60.0,-3.8278
488,103.52,2.5,2.5,0.5,60.0,-1.6669
489,172.71,2.5,2.5,0.5,60.0,-4.6982
490,117.57,2.5,2.5,0.5,60.0,-3.3307
491,161.16,2.5,2.5,0.5,60.0,-6.0879
492,136.61,2.5,2.5,0.5,60.0,-2.9278
493,102.43,2.5,2.5,0.5,60.0,-1.633
494,153.3,2.5,2.5,0.5,60.0,-5.592
495,133.35,2.5,2.5,0.5,60.0,-4.1318
496,163.51,2.5,2.5,0.5,60.0,-4.2077
497,132.35,2.5,2.5,0.5,60.0,-2.746
498,150.83,2.5,2.5,0.5,60.0,-3.5801
499,199.77,2.5,2.5,0.5,60.0,-6.2971
500,141.84,2.5,2.5,0.5,60.0,-4.9674
501,137.07,2.5,2.5,0.5,60.0,-4.1957
502,154.16,2.5,2.5,0.5,60.0,-3.7396
503,133.52,2.5,2.5,0.5,60.0,-4.1416
504,176.54,2.5,2.5,0.5,60.0,-4.9107
505,154.74,2.5,2.5,0.5,60.0,-3.7679
506,185.31,2.5,2.5,0.5,60.0,-8.341
507,101.77,2.5,2.5,0.5,60.0,-1.8165
508,196.53,2.5,2.5,0.5,60.0,-6.0936
509,187.26,2.5,2.5,0.5,60.0,-5.5292
510,162.57,2.5,2.5,0.5,60.0,-4.1627
511,110.59,2.5,2.5,0.5,60.0,-1.9097
512,124.18,2.5,2.5,0.5,60.0,-2.4135
513,144.16,2.5,2.5,0.5,60.0,-3.2646
514,150.72,2.5,2.5,0.5,60.0,-3.5751
515,169.16,2.5,2.5,0.5,60.0,-6.3902
516,161.76,2.5,2.5,0.5,60.0,-6.1929
517,149.88,2.5,2.5,0.5,60.0,-5.4309
518,116.55,2.5,2.5,0.5,60.0,-2.122
519,116.45,2.5,2.5,0.5,60.0,-2.1182
520,128.95,2.5,2.5,0.5,60.0,-2.6051
521,185.97,2.5,2.5,0.5,60.0,-5.4567
522,134.63,2.5,2.5,0.5,60.0,-2.8451
523,127.72,2.5,2.5,0.5,60.0,-2.5549
524,176.28,2.5,2.5,0.5,60.0,-4.8961
525,167.75,2.5,2.5,0.5,60.0,-4.4305
526,171.16,2.5,2.5,0.5,60.0,-4.6141
527,161.38,2.5,2.5,0.5,60.0,-6.1641
528,197.03,2.5,2.5,0.5,60.0,-9.5284
529,137.03,2.5,2.5,0.5,60.0,-4.198
530,103.53,2.5,2.5,0.5,60.0,-1.6674
531,188.74,2.5,2.5,0.5,60.0,-5.617
532,145.26,2.5,2.5,0.5,60.0,-5.1096
533,169.44,2.5,2.5,0.5,60.0,-6.4108
534,104.68,2.5,2.5,0.5,60.0,-1.7052
535,180.07,2.5,2.5,0.5,60.0,-5.11
536,195.62,2.5,2.5,0.5,60.0,-6.0369
537,153.38,2.5,2.5,0.5,60.0,-5.5973
538,152.36,2.5,2.5,0.5,60.0,-3.6493
539,129.36,2.5,2.5,0.5,60.0,-3.5154
540,156.49,2.5,2.5,0.5,60.0,-3.8516
541,162.97,2.5,2.5,0.5,60.0,-4.1836
542,144.32,2.5,2.5,0.5,60.0,-3.2719
543,156.43,2.5,2.5,0.5,60.0,-3.8484
544,196.69,2.5,2.5,0.5,60.0,-6.103
545,195.05,2.5,2.5,0.5,60.0,-6.0016
546,106.75,2.5,2.5,0.5,60.0,-1.777
547,127.53,2.5,2.5,0.5,60.0,-2.5471
548,156.74,2.5,2.5,0.5,60.0,-3.8641
549,189.45,2.5,2.5,0.5,60.0,-6.4757
550,130.16,2.5,2.5,0.5,60.0,-2.6576
551,117.43,2.5,2.5,0.5,60.0,-3.323
552,109.38,2.5,2.5,0.5,60.0,-2.103
553,142.27,2.5,2.5,0.5,60.0,-3.1815
554,145.98,2.5,2.5,0.5,60.0,-3.3514
555,195.9,2.5,2.5,0.5,60.0,-6.0539
556,154.56,2.5,2.5,0.5,60.0,-3.7591
557,139.22,2.5,2.5,0.5,60.0,-3.0421
558,143.07,2.5,2.5,0.5,60.0,-3.215
559,124.47,2.5,2.5,0.5,60.0,-2.4249
560,188.07,2.5,2.5,0.5,60.0,-5.5775
561,168.87,2.5,2.5,0.5,60.0,-4.4903
562,116.97,2.5,2.5,0.5,60.0,-2.1374
563,104.1,2.5,2.5,0.5,60.0,-1.6859
564,130.17,2.5,2.5,0.5,60.0,-2.6579
565,194.33,2.5,2.5,0.5,60.0,-5.9592
566,176.87,2.5,2.5,0.5,60.0,-4.9291
567,137.6,2.5,2.5,0.5,60.0,-3.4222
568,192.44,2.5,2.5,0.5,60.0,-5.8411
569,141.13,2.5,2.5,0.5,60.0,-4.8308
570,121.61,2.5,2.5,0.5,60.0,-3.5082
571,105.61,2.5,2.5,0.5,60.0,-2.8014
572,115.08,2.5,2.5,0.5,60.0,-2.0677
573,124.98,2.5,2.5,0.5,60.0,-2.4448
574,183.99,2.5,2.5,0.5,60.0,-5.3366
575,172.67,2.5,2.5,0.5,60.0,-4.696
576,168.6,2.5,2.5,0.5,60.0,-4.4759
577,180.15,2.5,2.5,0.5,60.0,-5.115
578,116.75,2.5,2.5,0.5,60.0,-2.1292
579,196.48,2.5,2.5,0.5,60.0,-6.0904
580,107.03,2.5,2.5,0.5,60.0,-1.7841
581,109.63,2.5,2.5,0.5,60.0,-3.0032
582,121.95,2.5,2.5,0.5,60.0,-2.3288
583,122.91,2.5,2.5,0.5,60.0,-2.3663
584,119.23,2.5,2.5,0.5,60.0,-2.2221
585,116.79,2.5,2.5,0.5,60.0,-2.1309
586,138.08,2.5,2.5,0.5,60.0,-2.9944
587,178.37,2.5,2.5,0.5,60.0,-5.017
588,109.2,2.5,2.5,0.5,60.0,-2.0962
589,106.65,2.5,2.5,0.5,60.0,-1.7735
590,122.91,2.5,2.5,0.5,60.0,-2.3662
591,157.92,2.5,2.5,0.5,60.0,-3.9262
592,123.44,2.5,2.5,0.5,60.0,-2.3845
593,199.58,2.5,2.5,0.5,60.0,-6.2852
594,167.1,2.5,2.5,0.5,60.0,-4.3963
595,112.47,2.5,2.5,0.5,60.0,-1.9736
596,107.02,2.5,2.5,0.5,60.0,-1.7837
597,173.75,2.5,2.5,0.5,60.0,-7.357
598,171.82,2.5,2.5,0.5,60.0,-4.65
599,172.74,2.5,2.5,0.5,60.0,-4.7001
600,145.8,2.5,2.5,0.5,60.0,-3.7722
601,190.38,2.5,2.5,0.5,60.0,-5.7192
602,122.23,2.5,2.5,0.5,60.0,-2.3395
603,142.34,2.5,2.5,0.5,60.0,-3.1847
604,104.32,2.5,2.5,0.5,60.0,-1.6934
605,119.04,2.5,2.5,0.5,60.0,-2.2149
606,133.38,2.5,2.5,0.5,60.0,-4.1335
607,143.49,2.5,2.5,0.5,60.0,-3.2342
608,154.92,2.5,2.5,0.5,60.0,-3.777
609,103.64,2.5,2.5,0.5,60.0,-1.6709
610,117.47,2.5,2.5,0.5,60.0,-3.3256
611,140.38,2.5,2.5,0.5,60.0,-3.0939
612,171.59,2.5,2.5,0.5,60.0,-4.6373
613,188.16,2.5,2.5,0.5,60.0,-5.5829
614,102.35,2.5,2.5,0.5,60.0,-1.6314
615,156.42,2.5,2.5,0.5,60.0,-3.8482
616,110.19,2.5,2.5,0.5,60.0,-1.8951
617,178.49,2.5,2.5,0.5,60.0,-5.0235
618,109.01,2.5,2.5,0.5,60.0,-2.0888
619,118.88,2.5,2.5,0.5,60.0,-2.212
620,139.68,2.5,2.5,0.5,60.0,-3.0626
621,114.4,2.5,2.5,0.5,60.0,-2.0455
622,114.61,2.5,2.5,0.5,60.0,-2.0531
623,164.0,2.5,2.5,0.5,60.0,-4.2331
624,170.32,2.5,2.5,0.5,60.0,-4.5723
625,129.08,2.5,2.5,0.5,60.0,-3.9946
626,132.52,2.5,2.5,0.5,60.0,-2.7534
627,193.79,2.5,2.5,0.5,60.0,-7.949
628,136.22,2.5,2.5,0.5,60.0,-2.911
629,168.03,2.5,2.5,0.5,60.0,-4.4456
630,148.33,2.5,2.5,0.5,60.0,-3.4582
631,189.14,2.5,2.5,0.5,60.0,-6.473
632,135.27,2.5,2.5,0.5,60.0,-2.8703
633,117.43,2.5,2.5,0.5,60.0,-3.323
634,140.87,2.5,2.5,0.5,60.0,-3.1157
635,128.0,2.5,2.5,0.5,60.0,-2.5662
636,105.71,2.5,2.5,0.5,60.0,-2.8067
637,140.6,2.5,2.5,0.5,60.0,-3.1035
638,132.37,2.5,2.5,0.5,60.0,-2.747
639,109.18,2.5,2.5,0.5,60.0,-2.0952
640,133.46,2.5,2.5,0.5,60.0,-4.1384
641,184.32,2.5,2.5,0.5,60.0,-5.3557
642,166.7,2.5,2.5,0.5,60.0,-4.3786
643,144.95,2.5,2.5,0.5,60.0,-3.3007
644,168.22,2.5,2.5,0.5,60.0,-4.4559
645,172.06,2.5,2.5,0.5,60.0,-4.6628
646,148.27,2.5,2.5,0.5,60.0,-3.4556
647,193.48,2.5,2.5,0.5,60.0,-8.2338
648,199.02,2.5,2.5,0.5,60.0,-6.2498
649,187.8,2.5,2.5,0.5,60.0,-5.5613
650,170.37,2.5,2.5,0.5,60.0,-4.5747
651,143.5,2.5,2.5,0.5,60.0,-3.2345
652,101.93,2.5,2.5,0.5,60.0,-1.6168
653,188.41,2.5,2.5,0.5,60.0,-5.5973
654,192.21,2.5,2.5,0.5,60.0,-5.8268
655,189.07,2.5,2.5,0.5,60.0,-6.4496
656,179.68,2.5,2.5,0.5,60.0,-5.0877
657,166.96,2.5,2.5,0.5,60.0,-4.3922
658,164.69,2.5,2.5,0.5,60.0,-4.2693
659,164.34,2.5,2.5,0.5,60.0,-4.2508
660,126.02,2.5,2.5,0.5,60.0,-2.4886
661,143.53,2.5,2.5,0.5,60.0,-3.236
662,135.22,2.5,2.5,0.5,60.0,-2.8681
663,138.16,2.5,2.5,0.5,60.0,-2.9982
664,183.26,2.5,2.5,0.5,60.0,-5.294
665,169.96,2.5,2.5,0.5,60.0,-4.5528
666,184.25,2.5,2.5,0.5,60.0,-5.3514
667,157.11,2.5,2.5,0.5,60.0,-5.8824
668,133.15,2.5,2.5,0.5,60.0,-4.1199
669,191.5,2.5,2.5,0.5,60.0,-5.784
670,105.14,2.5,2.5,0.5,60.0,-1.9407
671,178.6,2.5,2.5,0.5,60.0,-5.0298
672,146.34,2.5,2.5,0.5,60.0,-3.3681
673,113.61,2.5,2.5,0.5,60.0,-3.1251
674,164.09,2.5,2.5,0.5,60.0,-4.2381
675,182.46,2.5,2.5,0.5,60.0,-5.2505
676,150.24,2.5,2.5,0.5,60.0,-3.5522
677,114.02,2.5,2.5,0.5,60.0,-2.0318
678,104.78,2.5,2.5,0.5,60.0,-1.7085
679,170.35,2.5,2.5,0.5,60.0,-4.5737
680,185.67,2.5,2.5,0.5,60.0,-8.4024
681,194.73,2.5,2.5,0.5,60.0,-5.9841
682,177.54,2.5,2.5,0.5,60.0,-5.6015
683,187.45,2.5,2.5,0.5,60.0,-5.5404
684,116.31,2.5,2.5,0.5,60.0,-2.1129
685,124.32,2.5,2.5,0.5,60.0,-2.4187
686,110.7,2.5,2.5,0.5,60.0,-1.913
687,141.97,2.5,2.5,0.5,60.0,-3.1678
688,114.42,2.5,2.5,0.5,60.0,-2.0463
689,183.44,2.5,2.5,0.5,60.0,-5.3044
690,167.18,2.5,2.5,0.5,60.0,-4.4005
691,171.61,2.5,2.5,0.5,60.0,-4.6385
692,144.72,2.5,2.5,0.5,60.0,-3.2901
693,122.48,2.5,2.5,0.5,60.0,-2.3495
694,125.79,2.5,2.5,0.5,60.0,-3.7387
695,110.53,2.5,2.5,0.5,60.0,-1.9078
696,199.96,2.5,2.5,0.5,60.0,-6.3092
697,173.66,2.5,2.5,0.5,60.0,-7.4867
698,183.54,2.5,2.5,0.5,60.0,-5.3102
699,106.49,2.5,2.5,0.5,60.0,-1.768
700,152.26,2.5,2.5,0.5,60.0,-3.646
701,173.74,2.5,2.5,0.5,60.0,-7.3558
702,112.62,2.5,2.5,0.5,60.0,-1.9791
703,163.47,2.5,2.5,0.5,60.0,-4.2058
704,167.89,2.5,2.5,0.5,60.0,-4.4379
705,119.56,2.5,2.5,0.5,60.0,-2.2345
706,162.99,2.5,2.5,0.5,60.0,-4.1846
707,189.45,2.5,2.5,0.5,60.0,-8.6383
708,165.83,2.5,2.5,0.5,60.0,-6.1797
709,181.08,2.5,2.5,0.5,60.0,-7.8816
710,137.15,2.5,2.5,0.5,60.0,-4.2006
711,101.4,2.5,2.5,0.5,60.0,-1.8031
712,158.75,2.5,2.5,0.5,60.0,-3.9675
713,115.7,2.5,2.5,0.5,60.0,-2.0905
714,110.63,2.5,2.5,0.5,60.0,-1.9113
715,135.77,2.5,2.5,0.5,60.0,-2.8917
716,150.26,2.5,2.5,0.5,60.0,-3.553
717,130.71,2.5,2.5,0.5,60.0,-2.6803
718,114.34,2.5,2.5,0.5,60.0,-2.0433
719,108.43,2.5,2.5,0.5,60.0,-1.8319
720,144.44,2.5,2.5,0.5,60.0,-3.2775
721,127.88,2.5,2.5,0.5,60.0,-2.5614
722,135.7,2.5,2.5,0.5,60.0,-2.8886
723,189.01,2.5,2.5,0.5,60.0,-6.4648
724,151.69,2.5,2.5,0.5,60.0,-3.6187
725,111.56,2.5,2.5,0.5,60.0,-1.9414
726,115.31,2.5,2.5,0.5,60.0,-2.0763
727,193.86,2.5,2.5,0.5,60.0,-7.8838
728,155.39,2.5,2.5,0.5,60.0,-3.7973
729,144.67,2.5,2.5,0.5,60.0,-3.288
730,171.19,2.5,2.5,0.5,60.0,-4.6155
731,161.58,2.5,2.5,0.5,60.0,-6.1791
732,186.49,2.5,2.5,0.5,60.0,-5.4869
733,135.89,2.5,2.5,0.5,60.0,-2.8969
734,106.08,2.5,2.5,0.5,60.0,-1.7545
735,177.76,2.5,2.5,0.5,60.0,-5.6156
736,107.55,2.5,2.5,0.5,60.0,-1.8018
737,169.48,2.5,2.5,0.5,60.0,-6.6996
738,143.95,2.5,2.5,0.5,60.0,-3.2549
739,146.54,2.5,2.5,0.5,60.0,-3.3774
740,144.8,2.5,2.5,0.5,60.0,-3.2941
741,150.46,2.5,2.5,0.5,60.0,-3.5624
742,111.27,2.5,2.5,0.5,60.0,-1.9311
743,183.39,2.5,2.5,0.5,60.0,-5.3014
744,176.84,2.5,2.5,0.5,60.0,-4.9272
745,126.88,2.5,2.5,0.5,60.0,-2.5232
746,177.57,2.5,2.5,0.5,60.0,-5.6033
747,127.17,2.5,2.5,0.5,60.0,-2.5326
748,117.38,2.5,2.5,0.5,60.0,-3.3205
749,122.24,2.5,2.5,0.5,60.0,-2.3399
750,173.75,2.5,2.5,0.5,60.0,-7.357
751,161.22,2.5,2.5,0.5,60.0,-6.092
752,130.23,2.5,2.5,0.5,60.0,-2.6606
753,108.24,2.5,2.5,0.5,60.0,-1.8254
754,136.34,2.5,2.5,0.5,60.0,-2.9162
755,160.28,2.5,2.5,0.5,60.0,-4.0418
756,140.43,2.5,2.5,0.5,60.0,-3.0962
757,130.03,2.5,2.5,0.5,60.0,-2.6523
758,106.31,2.5,2.5,0.5,60.0,-1.7623
759,172.71,2.5,2.5,0.5,60.0,-4.6984
760,143.21,2.5,2.5,0.5,60.0,-3.2213
761,193.59,2.5,2.5,0.5,60.0,-7.9563
762,145.16,2.5,2.5,0.5,60.0,-5.1033
763,154.69,2.5,2.5,0.5,60.0,-3.7654
764,132.21,2.5,2.5,0.5,60.0,-2.7402
765,115.94,2.5,2.5,0.5,60.0,-2.0992
766,107.57,2.5,2.5,0.5,60.0,-1.8023
767,152.18,2.5,2.5,0.5,60.0,-3.6423
768,191.65,2.5,2.5,0.5,60.0,-5.7927
769,128.61,2.5,2.5,0.5,60.0,-2.5909
770,123.94,2.5,2.5,0.5,60.0,-2.4037
771,191.51,2.5,2.5,0.5,60.0,-5.7841
772,175.1,2.5,2.5,0.5,60.0,-4.8303
773,126.58,2.5,2.5,0.5,60.0,-2.5113
774,100.16,2.5,2.5,0.5,60.0,-1.5583
775,154.24,2.5,2.5,0.5,60.0,-3.7434
776,120.15,2.5,2.5,0.5,60.0,-2.2569
777,118.97,2.5,2.5,0.5,60.0,-2.2154
778,170.61,2.5,2.5,0.5,60.0,-4.5881
779,169.02,2.5,2.5,0.5,60.0,-6.4975
780,118.37,2.5,2.5,0.5,60.0,-2.1922
781,150.73,2.5,2.5,0.5,60.0,-3.5754
782,132.48,2.5,2.5,0.5,60.0,-2.7514
783,138.95,2.5,2.5,0.5,60.0,-3.033
784,152.29,2.5,2.5,0.5,60.0,-3.6459
785,100.24,2.5,2.5,0.5,60.0,-1.5607
786,127.73,2.5,2.5,0.5,60.0,-2.5554
787,133.12,2.5,2.5,0.5,60.0,-4.1176
788,199.61,2.5,2.5,0.5,60.0,-6.2867
789,194.75,2.5,2.5,0.5,60.0,-5.9854
790,165.97,2.5,2.5,0.5,60.0,-4.3398
791,165.15,2.5,2.5,0.5,60.0,-6.1337
792,157.41,2.5,2.5,0.5,60.0,-5.8489
793,156.7,2.5,2.5,0.5,60.0,-3.8618
794,159.98,2.5,2.5,0.5,60.0,-4.0269
795,148.58,2.5,2.5,0.5,60.0,-3.4703
796,125.55,2.5,2.5,0.5,60.0,-3.7209
797,186.81,2.5,2.5,0.5,60.0,-5.506
798,150.77,2.5,2.5,0.5,60.0,-3.5774
799,170.51,2.5,2.5,0.5,60.0,-4.5823
800,195.94,2.5,2.5,0.5,60.0,-6.0568
801,174.21,2.5,2.5,0.5,60.0,-4.7847
802,182.79,2.5,2.5,0.5,60.0,-5.2696
803,126.83,2.5,2.5,0.5,60.0,-2.5213
804,127.13,2.5,2.5,0.5,60.0,-2.5311
805,185.1,2.5,2.5,0.5,60.0,-8.3222
806,181.97,2.5,2.5,0.5,60.0,-5.2226
807,128.64,2.5,2.5,0.5,60.0,-2.5924
808,165.82,2.5,2.5,0.5,60.0,-6.1792
809,122.69,2.5,2.5,0.5,60.0,-2.3575
810,107.88,2.5,2.5,0.5,60.0,-1.8132
811,198.54,2.5,2.5,0.5,60.0,-6.2216
812,100.97,2.5,2.5,0.5,60.0,-1.584
813,143.52,2.5,2.5,0.5,60.0,-3.2356
814,107.85,2.5,2.5,0.5,60.0,-1.8122
815,181.31,2.5,2.5,0.5,60.0,-7.9012
816,190.14,2.5,2.5,0.5,60.0,-5.7047
817,189.26,2.5,2.5,0.5,60.0,-6.4816
818,199.91,2.5,2.5,0.5,60.0,-6.3058
819,131.61,2.5,2.5,0.5,60.0,-2.7151
820,142.35,2.5,2.5,0.5,60.0,-3.1853
821,107.6,2.5,2.5,0.5,60.0,-1.8035
822,160.08,2.5,2.5,0.5,60.0,-4.0319
823,198.2,2.5,2.5,0.5,60.0,-6.2
824,194.92,2.5,2.5,0.5,60.0,-5.9958
825,126.14,2.5,2.5,0.5,60.0,-2.4937
826,143.44,2.5,2.5,0.5,60.0,-3.232
827,185.04,2.5,2.5,0.5,60.0,-8.3162
828,171.21,2.5,2.5,0.5,60.0,-4.6168
829,111.45,2.5,2.5,0.5,60.0,-1.9373
830,141.72,2.5,2.5,0.5,60.0,-4.9598
831,172.56,2.5,2.5,0.5,60.0,-4.6904
832,185.4,2.5,2.5,0.5,60.0,-8.3491
833,149.99,2.5,2.5,0.5,60.0,-3.5404
834,182.38,2.5,2.5,0.5,60.0,-5.2461
835,162.32,2.5,2.5,0.5,60.0,-4.1498
836,183.91,2.5,2.5,0.5,60.0,-5.3316
837,131.0,2.5,2.5,0.5,60.0,-2.6922
838,162.82,2.5,2.5,0.5,60.0,-4.1755
839,125.41,2.5,2.5,0.5,60.0,-3.7123
840,120.26,2.5,2.5,0.5,60.0,-2.2611
841,119.78,2.5,2.5,0.5,60.0,-2.2431
842,137.09,2.5,2.5,0.5,60.0,-4.1967
843,173.25,2.5,2.5,0.5,60.0,-7.45
844,145.15,2.5,2.5,0.5,60.0,-5.0951
845,122.91,2.5,2.5,0.5,60.0,-2.3662
846,182.0,2.5,2.5,0.5,60.0,-5.224
847,157.05,2.5,2.5,0.5,60.0,-5.8142
848,162.31,2.5,2.5,0.5,60.0,-4.1493
849,137.25,2.5,2.5,0.5,60.0,-4.3568
850,150.83,2.5,2.5,0.5,60.0,-3.5803
851,105.08,2.5,2.5,0.5,60.0,-1.9383
852,189.22,2.5,2.5,0.5,60.0,-6.46
853,114.57,2.5,2.5,0.5,60.0,-2.0517
854,186.63,2.5,2.5,0.5,60.0,-5.495
855,179.68,2.5,2.5,0.5,60.0,-5.088
856,175.83,2.5,2.5,0.5,60.0,-4.871
857,131.92,2.5,2.5,0.5,60.0,-2.728
858,175.74,2.5,2.5,0.5,60.0,-4.8661
859,183.88,2.5,2.5,0.5,60.0,-5.3303
860,152.32,2.5,2.5,0.5,60.0,-3.6473
861,198.55,2.5,2.5,0.5,60.0,-6.222
862,123.81,2.5,2.5,0.5,60.0,-2.3988
863,122.65,2.5,2.5,0.5,60.0,-2.3559
864,126.22,2.5,2.5,0.5,60.0,-2.4967
865,124.29,2.5,2.5,0.5,60.0,-2.4176
866,180.58,2.5,2.5,0.5,60.0,-5.1395
867,162.33,2.5,2.5,0.5,60.0,-4.1506
868,133.73,2.5,2.5,0.5,60.0,-4.1542
869,162.8,2.5,2.5,0.5,60.0,-4.1746
870,134.93,2.5,2.5,0.5,60.0,-2.8583
871,131.55,2.5,2.5,0.5,60.0,-2.7125
872,128.87,2.5,2.5,0.5,60.0,-2.6017
873,161.62,2.5,2.5,0.5,60.0,-6.1818
874,124.36,2.5,2.5,0.5,60.0,-2.4205
875,148.16,2.5,2.5,0.5,60.0,-3.4504
876,112.02,2.5,2.5,0.5,60.0,-1.9576
877,105.71,2.5,2.5,0.5,60.0,-2.8065
878,168.38,2.5,2.5,0.5,60.0,-4.4644
879,118.57,2.5,2.5,0.5,60.0,-2.2001
880,119.95,2.5,2.5,0.5,60.0,-2.2495
881,111.54,2.5,2.5,0.5,60.0,-1.9406
882,131.62,2.5,2.5,0.5,60.0,-2.7156
883,114.03,2.5,2.5,0.5,60.0,-2.032
884,113.91,2.5,2.5,0.5,60.0,-2.0277
885,196.83,2.5,2.5,0.5,60.0,-6.1119
886,163.65,2.5,2.5,0.5,60.0,-4.2153
887,126.18,2.5,2.5,0.5,60.0,-2.4952
888,123.82,2.5,2.5,0.5,60.0,-2.3994
889,137.46,2.5,2.5,0.5,60.0,-3.4149
890,152.94,2.5,2.5,0.5,60.0,-3.6775
891,123.48,2.5,2.5,0.5,60.0,-2.386
892,150.83,2.5,2.5,0.5,60.0,-3.5805
893,139.51,2.5,2.5,0.5,60.0,-3.055
894,197.96,2.5,2.5,0.5,60.0,-6.1849
895,175.76,2.5,2.5,0.5,60.0,-4.8668
896,125.81,2.5,2.5,0.5,60.0,-3.7397
897,189.09,2.5,2.5,0.5,60.0,-6.4506
898,108.32,2.5,2.5,0.5,60.0,-1.8283
899,142.79,2.5,2.5,0.5,60.0,-3.2049
900,132.83,2.5,2.5,0.5,60.0,-2.7663
901,178.33,2.5,2.5,0.5,60.0,-5.0148
902,189.38,2.5,2.5,0.5,60.0,-8.6323
903,141.0,2.5,2.5,0.5,60.0,-4.9093
904,116.21,2.5,2.5,0.5,60.0,-2.1092
905,107.34,2.5,2.5,0.5,60.0,-1.7947
906,123.15,2.5,2.5,0.5,60.0,-2.373
907,118.76,2.5,2.5,0.5,60.0,-2.2075
908,146.19,2.5,2.5,0.5,60.0,-3.3609
909,146.48,2.5,2.5,0.5,60.0,-3.3744
910,128.95,2.5,2.5,0.5,60.0,-2.605
911,189.77,2.5,2.5,0.5,60.0,-8.4627
912,166.94,2.5,2.5,0.5,60.0,-4.3909
913,149.2,2.5,2.5,0.5,60.0,-5.383
914,106.3,2.5,2.5,0.5,60.0,-1.7618
915,188.44,2.5,2.5,0.5,60.0,-5.5995
916,116.14,2.5,2.5,0.5,60.0,-2.1066
917,127.21,2.5,2.5,0.5,60.0,-2.5345
918,152.23,2.5,2.5,0.5,60.0,-3.6449
919,121.17,2.5,2.5,0.5,60.0,-3.4834
920,115.46,2.5,2.5,0.5,60.0,-2.0819
921,175.42,2.5,2.5,0.5,60.0,-4.848
922,154.95,2.5,2.5,0.5,60.0,-3.7786
923,178.82,2.5,2.5,0.5,60.0,-5.0423
924,155.22,2.5,2.5,0.5,60.0,-3.7889
925,105.11,2.5,2.5,0.5,60.0,-1.9394
926,170.66,2.5,2.5,0.5,60.0,-4.5908
927,189.07,2.5,2.5,0.5,60.0,-6.4682
928,152.94,2.5,2.5,0.5,60.0,-3.6774
929,143.96,2.5,2.5,0.5,60.0,-3.2554
930,115.23,2.5,2.5,0.5,60.0,-2.0734
931,198.85,2.5,2.5,0.5,60.0,-6.2417
932,165.65,2.5,2.5,0.5,60.0,-6.1661
933,176.45,2.5,2.5,0.5,60.0,-4.9056
934,136.01,2.5,2.5,0.5,60.0,-2.9021
935,139.98,2.5,2.5,0.5,60.0,-3.0761
936,183.99,2.5,2.5,0.5,60.0,-5.3364
937,191.69,2.5,2.5,0.5,60.0,-5.7953
938,105.14,2.5,2.5,0.5,60.0,-1.9406
939,166.63,2.5,2.5,0.5,60.0,-4.3748
940,123.54,2.5,2.5,0.5,60.0,-2.388
941,111.55,2.5,2.5,0.5,60.0,-1.9408
942,196.6,2.5,2.5,0.5,60.0,-6.0977
943,136.36,2.5,2.5,0.5,60.0,-2.9173
944,173.92,2.5,2.5,0.5,60.0,-7.3712
945,176.55,2.5,2.5,0.5,60.0,-4.9111
946,149.41,2.5,2.5,0.5,60.0,-5.3978
947,167.39,2.5,2.5,0.5,60.0,-4.4116
948,128.42,2.5,2.5,0.5,60.0,-2.5833
949,122.67,2.5,2.5,0.5,60.0,-2.3569
950,117.25,2.5,2.5,0.5,60.0,-3.3133
951,187.45,2.5,2.5,0.5,60.0,-5.5405
952,168.63,2.5,2.5,0.5,60.0,-4.4773
953,116.58,2.5,2.5,0.5,60.0,-2.1228
954,103.31,2.5,2.5,0.5,60.0,-1.66
955,154.15,2.5,2.5,0.5,60.0,-3.7391
956,177.38,2.5,2.5,0.5,60.0,-5.5914
957,184.13,2.5,2.5,0.5,60.0,-5.3446
958,156.71,2.5,2.5,0.5,60.0,-3.8623
959,107.17,2.5,2.5,0.5,60.0,-1.7887
960,183.39,2.5,2.5,0.5,60.0,-5.3015
961,174.66,2.5,2.5,0.5,60.0,-4.8093
962,183.91,2.5,2.5,0.5,60.0,-5.3318
963,167.5,2.5,2.5,0.5,60.0,-4.4171
964,136.09,2.5,2.5,0.5,60.0,-2.9054
965,172.39,2.5,2.5,0.5,60.0,-4.6809
966,146.98,2.5,2.5,0.5,60.0,-3.3975
967,149.83,2.5,2.5,0.5,60.0,-5.4273
968,172.19,2.5,2.5,0.5,60.0,-4.67
969,111.49,2.5,2.5,0.5,60.0,-1.9388
970,180.77,2.5,2.5,0.5,60.0,-5.15
971,145.76,2.5,2.5,0.5,60.0,-3.7685
972,117.01,2.5,2.5,0.5,60.0,-2.41
973,144.23,2.5,2.5,0.5,60.0,-3.2677
974,180.26,2.5,2.5,0.5,60.0,-5.1211
975,184.75,2.5,2.5,0.5,60.0,-5.3808
976,169.16,2.5,2.5,0.5,60.0,-6.3908
977,111.31,2.5,2.5,0.5,60.0,-1.9323
978,162.41,2.5,2.5,0.5,60.0,-4.1544
979,123.13,2.5,2.5,0.5,60.0,-2.372
980,158.05,2.5,2.5,0.5,60.0,-3.9325
981,162.83,2.5,2.5,0.5,60.0,-4.1764
982,105.55,2.5,2.5,0.5,60.0,-2.7986
983,101.15,2.5,2.5,0.5,60.0,-2.3064
984,193.75,2.5,2.5,0.5,60.0,-7.9433
985,191.26,2.5,2.5,0.5,60.0,-5.7693
986,186.54,2.5,2.5,0.5,60.0,-5.4901
987,164.86,2.5,2.5,0.5,60.0,-4.2781
988,127.17,2.5,2.5,0.5,60.0,-2.5327
989,125.95,2.5,2.5,0.5,60.0,-2.486
990,159.92,2.5,2.5,0.5,60.0,-4.0237
991,135.49,2.5,2.5,0.5,60.0,-2.8794
992,194.21,2.5,2.5,0.5,60.0,-5.9523
993,114.72,2.5,2.5,0.5,60.0,-2.0572
994,108.13,2.5,2.5,0.5,60.0,-1.8218
995,198.76,2.5,2.5,0.5,60.0,-6.2362
996,104.4,2.5,2.5,0.5,60.0,-1.696
997,148.99,2.5,2.5,0.5,60.0,-3.4894
998,120.64,2.5,2.5,0.5,60.0,-2.276
999,161.05,2.5,2.5,0.5,60.0,-4.6032
1000,121.46,2.5,2.5,0.5,60.0,-3.4994
